blocking/getty-karate-video-id635808620_4.mp4,blocking,3,0
pouring/getty-milk-pours-on-cereal-in-slow-motion-video-id677075411_2.mp4,pouring,3,0
blowing/yt-NUKJUVJiswU_19.mp4,blowing,3,1
squatting/getty-man-playing-with-basketball-in-studio-video-id1349-115_1.mp4,squatting,3,0
flying/yt-YUjLbMwwJeg_1.mp4,flying,3,1
sewing/getty-interior-shots-of-a-woman-with-pink-painted-fingernails-operating-a-video-id453988114_12.mp4,sewing,3,1
diving/yt-Max5kYoP7mE_51.mp4,diving,4,0
swinging/getty-carefree-girl-swinging-on-tree-swing-video-id478466930_23.mp4,swinging,4,2
smiling/getty-french-director-rene-clair-shakes-hands-with-man-talks-to-french-video-id538089564_15.mp4,smiling,3,0
closing/getty-eye-video-id502911607_2.mp4,closing,4,0
assembling/yt-Z0f_0Uv1biQ_279.mp4,assembling,4,0
camping/flickr-4-3-7-3-9-8-2-5-13043739825_4.mp4,camping,3,1
bathing/giphy-1JPXSloYnik3m_4.mp4,bathing,3,1
racing/flickr-9-5-2-2-4-5-5-6-8995224556_18.mp4,racing,3,0
grinning/getty-doctor-consulting-patient-in-exam-room-video-id151320381_14.mp4,grinning,3,1
hammering/getty-blacksmith-at-work-with-hammer-video-id130674094_21.mp4,hammering,3,1
clinging/getty-sparrows-on-pine-tree-video-id583743922_8.mp4,clinging,5,0
biting/yt-jSI7Vz7yJCw_2.mp4,biting,3,1
adult+male+singing/yt-2NWbSuCrF8o_544.mp4,adult+male+singing,4,0
chewing/yt-Ue5I4aTZV_U_195.mp4,chewing,3,0
washing/giphy-BGMyQkJVDCa1W_11.mp4,washing,3,0
punting/yt-NBlFLVD9AnE_5.mp4,punting,3,0
running/flickr-5-8-2-5-1-7-9-3-3058251793_3.mp4,running,3,1
kicking/yt-DBt8sfmLoOU_2.mp4,kicking,3,0
rolling/vine-My-dog-rolling-around-in-the-sun-D-x-dog-cute-funny-MXA0i33dViU_2.mp4,rolling,3,1
catching/giphy-GlH9AeZ2pmnEk_0.mp4,catching,3,0
drumming/yt-H0YjpR__L98_15.mp4,drumming,3,0
bowing/giphy-ZXvz23IAZZbAQ_0.mp4,bowing,3,1
eating/getty-asia-girls-eating-video-id482673157_9.mp4,eating,3,0
burning/getty-shot-of-camper-making-food-by-campfire-video-id146260104_1.mp4,burning,3,1
sailing/vb-beautiful-yacht-in-calm-weather-sailing-on-the-ocean-btmdlvjviozz1l4s_10.mp4,sailing,4,0
crashing/giphy-13q9iiRJ0HstNu_0.mp4,crashing,3,1
adult+male+singing/yt-1oSOCT6HBRM_333.mp4,adult+male+singing,4,0
celebrating/giphy-R10MgkSmbEUZG_0.mp4,celebrating,3,0
smashing/giphy-YnqNLvV2K6RNu_8.mp4,smashing,3,1
performing/k5oLCKafcXQ_9.mp4,performing,4,0
peeling/flickr-7-0-8-7-7-8-9-9-6370877899_33.mp4,peeling,3,0
shopping/getty-shot-of-young-female-browsing-and-picking-up-vinyl-record-nakagusuku-video-id181841824_3.mp4,shopping,3,0
adult+male+singing/yt-2gM1wWqHh1U_218.mp4,adult+male+singing,4,0
tickling/yt-Cdznov-urkU_12.mp4,tickling,3,0
protesting/yt-6EjxwOq0Rpc_96.mp4,protesting,3,1
spinning/9-6-5-8-2-5-2-8-4496582528_4.mp4,spinning,3,1
filling/getty-blue-bottles-on-assembly-line-filling-with-chemicals-video-id579394652_7.mp4,filling,3,1
bending/getty-seamstress-outlining-pattern-on-fabric-and-discussing-work-with-video-id694114226_1.mp4,bending,3,0
trimming/yt-YxS4ZfNxuoo_667.mp4,trimming,4,2
bending/getty-girl-does-backbend-exercise-in-evening-field-video-id509234887_5.mp4,bending,3,0
pushing/giphy-QVRatEjk7GRwc_1.mp4,pushing,3,1
marching/yt-0eiAzwmtv9k_10.mp4,marching,3,1
bicycling/yt-E1iLxkckbfg_86.mp4,bicycling,3,0
pulling/vine-Pulling-off-the-tape-2-indydoday-bigcarpix-joseldigregorio-hHAADwhaF2P_1.mp4,pulling,3,1
wrestling/yt-i-xJcKYGRbg_30.mp4,wrestling,3,0
rolling/getty-medium-shot-of-a-woman-rolling-dough-in-a-kitchen-video-id629837880_10.mp4,rolling,4,0
coaching/giphy-8RqUPtb4FKoUM_0.mp4,coaching,3,1
interviewing/getty-chris-mcmillan-on-what-it-means-to-receive-this-award-from-marie-and-video-id638259802_4.mp4,interviewing,3,1
drenching/getty-teenage-girl-lies-in-honey-slow-motion-close-up-video-id846749352_1.mp4,drenching,3,0
pedaling/getty-sequence-showing-cyclists-negotiating-heavy-buses-and-taxis-on-a-busy-video-id837370484_4.mp4,pedaling,4,0
vacuuming/yt-_iXd5bH4u1c_223.mp4,vacuuming,3,0
pedaling/getty-mountain-biker-descends-steep-mountain-slope-below-eiger-video-id613199732_2.mp4,pedaling,3,1
riding/flickr-1-9-2-2-4-4-2-4-8919224424_1.mp4,riding,3,0
balancing/getty-feet-walking-over-stone-rocks-overcoming-obstacles-step-by-step-one-video-id525179420_7.mp4,balancing,3,0
fencing/giphy-FSX8xwEHaTYmQ_5.mp4,fencing,3,1
planting/giphy-10dhgCObD67za_0.mp4,planting,3,1
reading/getty-birdseye-shot-of-one-young-man-reading-his-digital-tablet-over-the-video-id640426998_3.mp4,reading,4,2
knocking/getty-is-anyone-at-home-video-id525371510_2.mp4,knocking,3,1
snapping/giphy-xNReho3nOiipW_0.mp4,snapping,3,2
wrestling/getty-polar-bears-play-fighting-near-churchill-manitoba-canada-video-id141583822_5.mp4,wrestling,3,1
laughing/yt-rGcMjNk4Oe8_35.mp4,laughing,5,0
standing/flickr-7-1-1-0-0-8-0-8-5371100808_32.mp4,standing,5,1
entering/getty-opening-security-door-with-access-card-video-id537852746_1.mp4,entering,3,1
sprinting/giphy-i00CsLVgTfTCU_2.mp4,sprinting,4,0
unpacking/getty-young-couple-moves-in-to-new-apartment-video-id456921612_7.mp4,unpacking,3,1
storming/yt-eyFx_Id5WGM_75.mp4,storming,3,1
balancing/getty-group-of-motorcyclists-ride-alongside-mountain-river-in-the-himalayas-video-id540822186_43.mp4,balancing,3,1
bouncing/giphy-j15T9Lh5EyXew_0.mp4,bouncing,3,1
stealing/vine-Stealing-cars-nigga-Muqtr75JvKb_1.mp4,stealing,9,0
working/vb-dentist-drilling-patients-teeth-in-clinic-slngikcveiyldoe7c_9.mp4,working,3,0
dragging/yt-LggvD1PjMD4_16.mp4,dragging,3,1
balancing/giphy-G9am2VfXWDvSE_1.mp4,balancing,4,0
filming/getty-photographer-films-with-two-cameras-at-cape-canaveral-video-id679483797_55.mp4,filming,3,1
measuring/getty-young-boy-being-weighed-on-scale-by-nurse-his-mother-sitting-on-chair-video-id683956472_38.mp4,measuring,3,1
smoking/getty-emissions-video-id473124041_14.mp4,smoking,3,1
brushing/getty-good-morning-video-id643402966_3.mp4,brushing,4,0
repairing/getty-asian-worker-using-soldering-iron-in-technology-industry-video-id579373780_17.mp4,repairing,5,1
rowing/yt-Fw94Yq07FOw_108.mp4,rowing,3,0
calling/vb-successful-man-calling-friend-or-business-partner-having-phone-conversation-sndjgn9zbj3s4enfk_2.mp4,calling,3,1
boating/yt-6RoMkx3ntD0_142.mp4,boating,3,0
balancing/getty-male-gymnast-exercise-on-parallel-bar-video-id852059946_8.mp4,balancing,3,0
raining/flickr-4-0-0-1-0-0-3-8-7240010038_4.mp4,raining,5,2
riding/getty-commercial-jet-flying-video-id9010-50_8.mp4,riding,3,0
combing/getty-craftsman-spreads-out-and-combs-a-bearskin-which-will-be-used-to-make-video-id1B012489_0025_16.mp4,combing,3,0
plugging/IvwcLqMip8k_678.mp4,plugging,3,1
smelling/vine-legacy-sucks-smelling-games-h0LE1xYM3uB_2.mp4,smelling,3,1
swinging/getty-swinging-light-bulb-video-id473019135_13.mp4,swinging,3,1
child+speaking/yt-YIMEsMt3pq4_45.mp4,child+speaking,4,0
playing/yt-2DHkyDxsNjA_153.mp4,playing,4,2
gripping/yt-037BxwE3UU4_6.mp4,gripping,3,0
sprinting/yt-hPObpbjKPpQ_120.mp4,sprinting,4,0
scratching/getty-itchy-meerkat-falling-over-kalahari-desert-south-africa-video-id157493922_4.mp4,scratching,4,0
turning/yt-b6ys8As_of8_42.mp4,turning,3,0
jumping/yt-MqGv8Z7MM8A_43.mp4,jumping,3,2
mowing/getty-lawn-mower-hd-video-id450353425_5.mp4,mowing,3,0
swinging/getty-girl-having-fun-swinging-on-tree-swing-video-id478466576_6.mp4,swinging,3,1
blocking/yt-zv3AMpUYz0c_45.mp4,blocking,3,1
drawing/yt-QzrMEIWOlso_18.mp4,drawing,3,0
plugging/vb-close-up-of-plugging-and-unplugging-a-usb-flash-drive-in-a-computer-bgqehn4deiybf27p2_2.mp4,plugging,3,0
juggling/giphy-CQvPssX2z3nkQ_0.mp4,juggling,3,0
throwing/yt-ie43FFetHFU_57.mp4,throwing,4,2
snapping/yt-FB7tcTA6X9Y_1.mp4,snapping,3,1
fishing/yt-Yr_QP9RJ9IY_239.mp4,fishing,3,0
pedaling/getty-athletes-compete-on-the-first-cycle-leg-in-the-individual-two-day-video-id161578523_14.mp4,pedaling,3,0
boating/yt-HaaqKgmN-Lw_307.mp4,boating,3,0
laughing/flickr-8-9-6-9-0-1-2-3-5089690123_23.mp4,laughing,3,0
spinning/giphy-Ue4HUH3NOBmDu_0.mp4,spinning,3,0
sprinkling/getty-watering-the-plants-video-id696124846_9.mp4,sprinkling,4,0
bouncing/getty-basketball-player-dribbles-and-dunks-in-an-empty-basketball-gym-video-id659009027_8.mp4,bouncing,3,0
entering/getty-businessman-boards-a-yacht-video-id595520801_14.mp4,entering,5,1
tripping/getty-male-soccer-player-tripping-opponent-while-kicking-ball-at-night-video-id443-44_1.mp4,tripping,4,1
playing/flickr-7-8-0-0-9-8-5-8-14878009858_55.mp4,playing,4,0
climbing/flickr-4-9-3-0-3-9-0-6-7749303906_5.mp4,climbing,3,0
unpacking/getty-senior-couple-moving-video-id483260169_11.mp4,unpacking,3,1
guarding/getty-indonesian-security-forces-take-security-measures-around-a-shopping-video-id505254724_47.mp4,guarding,3,1
raising/getty-logistics-operation-in-railroad-container-yard-video-id502717148_5.mp4,raising,3,1
sleeping/flickr-5-1-9-1-1-6-9-6-3951911696_7.mp4,sleeping,5,0
bowling/yt-kb0ENBoG9mw_2.mp4,bowling,3,0
washing/getty-hand-car-wash-video-id491523420_1.mp4,washing,3,0
buying/flickr-5-6-9-7-2-6-3-4-8556972634_51.mp4,buying,3,1
diving/getty-closeup-of-lion-fish-in-coral-reef-video-id538610680_3.mp4,diving,3,1
laughing/yt-VGoKu23DoJI_75.mp4,laughing,4,0
bathing/giphy-N4d4rmvZzSF7a_2.mp4,bathing,3,0
laughing/yt-Rs4NadHys8E_290.mp4,laughing,3,0
socializing/getty-close-up-on-a-talking-caucasian-woman-video-idtritrb12117_8.mp4,socializing,3,1
steering/getty-orange-and-green-stockcars-cross-finishline-red-racecar-trails-behind-video-id675787901_9.mp4,steering,3,0
combing/vb-the-girl-is-combing-her-sisters-hair-she-combs-her-hair-in-nature-be0gtu9axj1v2279y_14.mp4,combing,4,0
sketching/giphy-NpkXz6stnJBgA_0.mp4,sketching,3,0
rinsing/yt-uypCGipAFxU_177.mp4,rinsing,3,1
paying/getty-businessman-shopping-online-on-smart-phone-video-id623077136_2.mp4,paying,3,1
sprinting/yt-06XMUn9DTKc_35.mp4,sprinting,4,0
washing/yt-awK_qvvmqWA_17.mp4,washing,3,0
falling/giphy-dlrjsAoaafaNi_0.mp4,falling,4,0
punting/yt-8L5T9IP-BUE_116.mp4,punting,4,2
dancing/giphy-26BoEvanGQUZZY6eQ_0.mp4,dancing,4,0
tattooing/twitter-twitter_com_vicelanduk_status_862238266757611521_61.mp4,tattooing,3,0
squatting/getty-two-women-laugh-as-they-present-large-floral-bat-and-ball-to-chicago-video-id543636704_33.mp4,squatting,5,0
dunking/yt-KZUjYyXsR_I_193.mp4,dunking,3,1
unpacking/vb-Healthy-Caucasian-Girl-Unpacking-Fresh-Organic-Produce-Ds0nOHn_17.mp4,unpacking,3,1
bicycling/flickr-7-3-3-9-6-9-2-1-18873396921_9.mp4,bicycling,3,1
raising/giphy-tp3h5jcrIia2c_1.mp4,raising,3,1
carving/yt-mThUfYcea3I_23.mp4,carving,5,1
fueling/yt-T5ucyVj4lB4_61.mp4,fueling,7,0
child+singing/peeks-www_k_to_keek_v9Emeab_12.mp4,child+singing,3,0
clearing/giphy-l0HlJ02JmTgsDCEcU_4.mp4,clearing,3,1
carving/vine-carving-pumpkins-autumn-hXax6WehDTp_1.mp4,carving,4,0
drawing/yt-h8lZGF5hweo_55.mp4,drawing,3,0
giggling/getty-couple-taking-selfieman-kissing-woman-on-cheek-video-id463903310_7.mp4,giggling,3,1
constructing/getty-close-up-of-child-making-peanut-butter-and-jelly-sandwich-video-id160919715_7.mp4,constructing,5,2
working/yt-Sk46LL1QJfE_27.mp4,working,3,0
blowing/getty-dandelion-having-its-seeds-blown-off-auckland-new-zealand-video-id96427576_29.mp4,blowing,4,2
dragging/vb-Couple-in-snow-shoes-dragging-Christmas-Tree-through-the-snow-U2x5bEk_1.mp4,dragging,4,0
throwing/getty-group-of-kids-playing-holi-festival-on-roof-top-video-id140815094_2.mp4,throwing,3,1
slipping/yt-lRLQJMCOCx8_147.mp4,slipping,3,1
sawing/getty-carpenter-working-video-id619287050_4.mp4,sawing,3,1
sweeping/vine-sweeping-too-hard-Mhma1JWM6uj_1.mp4,sweeping,3,1
lifting/getty-father-with-son-climbing-on-his-back-slow-motion-video-id530776256_22.mp4,lifting,3,0
handwriting/getty-computer-keyboard-video-id514981030_9.mp4,handwriting,5,0
cheerleading/vine-MVb7hAUDMnj_1.mp4,cheerleading,3,1
kicking/yt-nAXoAxF_8tM_110.mp4,kicking,5,0
squinting/yt-1vnbc8PQDCk_473.mp4,squinting,3,1
snowing/yt-Z1N185E4gsk_27.mp4,snowing,4,2
stitching/yt--9QE84NQnsc_913.mp4,stitching,3,1
dancing/yt-2tDetCjqM5M_19.mp4,dancing,3,1
balancing/getty-man-working-with-physical-therapist-on-back-roller-video-id605990463_11.mp4,balancing,4,0
washing/giphy-R4eigYsKHROF2_7.mp4,washing,4,0
plunging/yt-GAal7I11nsc_1.mp4,plunging,3,1
boarding/flickr-2-9-8-4-2-4-8-3-11329842483_83.mp4,boarding,5,0
jumping/flickr-0-1-6-7-1-7-0-5-25801671705_109.mp4,jumping,3,0
signing/getty-doctors-handwriting-on-prescriptionsdolly-shot-video-id473081015_3.mp4,signing,3,0
raising/yt-RtE_yOAbElE_16.mp4,raising,3,0
fishing/flickr-0-5-4-9-3-2-2-0-3005493220_1.mp4,fishing,3,0
dining/getty-chopping-cherry-tomato-video-id509539389_4.mp4,dining,3,1
drawing/yt-h_E8a2gBBTQ_242.mp4,drawing,3,1
tapping/yt-MFOOsQXpHhs_1234.mp4,tapping,5,2
pitching/vine-Pitching-Expectation-vs-Reality-hrVFYlBqirJ_3.mp4,pitching,4,0
dining/getty-couples-in-restaurant-video-id807980960_1.mp4,dining,3,0
skating/flickr-1-2-6-6-2-2-0-2-4012662202_13.mp4,skating,5,1
pushing/yt-zLKPSdvEpiE_9.mp4,pushing,3,1
combing/vine-MWUVKd50qd9_2.mp4,combing,3,0
unloading/getty-army-landing-craft-units-coming-from-okinawa-japan-carrying-to-video-id516023972_1.mp4,unloading,4,0
smelling/vine-MFOgEKjb6dw_1.mp4,smelling,3,1
flooding/yt-Op108SAzoaI_651.mp4,flooding,3,1
protesting/getty-anticoup-demonstrators-shout-slogans-and-flash-rabaa-sign-as-they-at-video-id453721320_67.mp4,protesting,3,0
mopping/yt-7DoqinbB2gs_172.mp4,mopping,3,1
smoking/giphy-q2cC29hh8EUy4_0.mp4,smoking,3,0
barking/yt-C81DfMUHAoI_6.mp4,barking,3,0
blowing/giphy-LantC4UGY6O3K_5.mp4,blowing,3,1
stretching/getty-medium-video-id556898795_5.mp4,stretching,3,1
combusting/yt-cilvOCBXI1c_5.mp4,combusting,3,1
boating/yt-1ooPnWTwSvo_104.mp4,boating,3,0
stomping/yt-5MhN3WYfahA_273.mp4,stomping,3,1
adult+male+speaking/getty-laughing-businessman-and-businesswoman-in-team-meeting-in-office-video-id635790794_3.mp4,adult+male+speaking,3,0
piloting/getty-combat-helicopter-firing-unguided-missiles-video-id608863208_8.mp4,piloting,3,1
blocking/yt-T0sVQcTbOpw_1.mp4,blocking,4,2
pointing/getty-architects-brainstorming-about-project-video-id621013242_5.mp4,pointing,3,1
poking/yt-loBAzLrbPEI_434.mp4,poking,3,1
rocking/yt-SkTt9k4Y-a8_197.mp4,rocking,4,2
praying/getty-child-playing-in-the-church-with-the-candles-video-id505782664_1.mp4,praying,4,2
sketching/yt-SlToLklthes_137.mp4,sketching,4,0
peeling/yt-UJp7gjss9CI_4.mp4,peeling,4,0
raining/yt-94UyCJK8xHM_70.mp4,raining,3,1
frying/fe3UFRXrASo_37.mp4,frying,3,1
stitching/getty-weaving-thailand-video-id515705817_16.mp4,stitching,3,1
placing/getty-close-up-of-a-nurse-placing-on-rubber-gloves-video-idabhe129_2.mp4,placing,5,2
adult+female+singing/yt-FoP2de0Y5TQ_67.mp4,adult+female+singing,3,0
bathing/yt-D_x73bdGhV4_50.mp4,bathing,3,0
blowing/getty-young-man-wearing-giant-head-video-id102704548_8.mp4,blowing,3,1
crouching/getty-girl-burying-doll-in-sand-st-simons-island-georgia-usa-video-id95743628_10.mp4,crouching,3,1
standing/yt-2opOWwE4DG0_76.mp4,standing,3,0
cheerleading/yt-bolmLbCTtfU_75.mp4,cheerleading,4,1
unloading/getty-symmetrical-container-cranes-unloading-ships-at-dusk-video-id618402572_27.mp4,unloading,5,2
slipping/peeks-www_k_to_keek_5eVpaab_28.mp4,slipping,3,1
barbecuing/yt-GbcMeGVUILg_170.mp4,barbecuing,3,1
balancing/yt-TcEj0GIOCTI_385.mp4,balancing,3,1
baking/getty-artisanal-bakery-video-id640383394_6.mp4,baking,3,1
handwriting/getty-medium-shot-young-girl-writing-with-pencil-video-id949-28_2.mp4,handwriting,4,0
welding/getty-exterior-shots-of-man-sitting-down-and-welding-piece-of-metal-into-video-id172816348_3.mp4,welding,5,1
crafting/yt-_QyqaBzMzKc_249.mp4,crafting,3,1
whistling/yt-BZCSrQsVApU_54.mp4,whistling,4,0
skiing/yt-URp94iSko4w_1.mp4,skiing,4,0
laughing/yt-19fzJtAYWc0_58.mp4,laughing,3,1
studying/getty-little-girl-and-her-mom-on-digital-tablet-video-id506799489_7.mp4,studying,4,0
brushing/yt-nhIbRqRU6h8_38.mp4,brushing,4,2
pointing/giphy-3o6Zt5H1zmLXHVPFew_0.mp4,pointing,3,1
lecturing/getty-business-colleagues-attending-presentation-in-room-video-id543705286_6.mp4,lecturing,4,2
waking/getty-lazy-couple-video-id146426266_4.mp4,waking,3,1
discussing/yt-tjA2ilA7gRg_296.mp4,discussing,3,0
spinning/yt-djurlioRUZ8_11.mp4,spinning,3,0
rubbing/getty-reconstruction-of-merlin-staring-into-a-bonfire-video-id1B012514_059_7.mp4,rubbing,4,0
mopping/vb-medium-tracking-panning-shot-of-woman-mopping-kitchen-floor--cedar-hills-utah-united-states-ry72qsbhipoa3nda_3.mp4,mopping,3,0
singing/giphy-9xDc70ByIabXq_0.mp4,singing,3,1
rowing/yt-uLpd9aWvA_U_43.mp4,rowing,3,1
tuning/giphy-7yYyLARLmvQCQ_0.mp4,tuning,3,1
telephoning/getty-kid-using-smart-phone-with-coloured-background-video-id647585898_3.mp4,telephoning,3,0
watering/getty-macro-shot-of-the-wet-apple-blossom-video-id477499978_22.mp4,watering,3,1
stroking/getty-young-woman-petting-balinese-cat-in-living-room-video-id1260-138_9.mp4,stroking,4,0
smelling/vine-My-niece-is-a-punk-Smelling-them-flowers-MJ5XVAgdvK5_3.mp4,smelling,3,1
interviewing/giphy-qsgqJYCSVQBA4_2.mp4,interviewing,3,0
hugging/getty-grandmother-and-granddaughter-sitting-and-hugging-together-on-windy-video-id156611114_1.mp4,hugging,3,0
playing+videogames/giphy-sjrT45hwtO5c4_5.mp4,playing+videogames,3,0
plugging/getty-mic-plug-video-id473243553_7.mp4,plugging,3,1
swinging/flickr-6-9-1-3-8-1-0-9-3869138109_1.mp4,swinging,4,0
rolling/giphy-JOtYozH6sm1Tq_0.mp4,rolling,3,0
crying/giphy-Hi2zvNbyWsFaM_1.mp4,crying,4,0
swimming/ibIR29bBQlU_105.mp4,swimming,3,0
signing/giphy-26DOzFZfDMnYRzuJG_0.mp4,signing,3,0
talking/wc-sfryNIUbGxD6_34.mp4,talking,3,0
packaging/yt-2Rx5iicGHXY_70.mp4,packaging,4,0
fishing/yt-7RsQQ74fugk_258.mp4,fishing,3,0
singing/getty-musicians-performing-on-stage-provo-utah-usa-video-id139323698_6.mp4,singing,3,0
selling/getty-burger-chef-serving-customer-video-id606324646_3.mp4,selling,3,1
shopping/getty-woman-shopping-for-clothes-in-boutique-sante-fe-new-mexico-usa-video-id101625302_21.mp4,shopping,3,1
crawling/getty-time-lapse-group-of-snails-move-over-stone-slab-all-exit-frame-except-video-id143265984_19.mp4,crawling,3,0
stirring/getty-mother-and-son-baking-cookies-in-kitchen-video-id684252118_3.mp4,stirring,3,1
emptying/yt-zdRTqdldmXA_41.mp4,emptying,4,2
cutting/1PiWJa4hbwQ_100.mp4,cutting,5,2
lecturing/getty-business-people-in-meeting-room-video-id478649932_3.mp4,lecturing,3,0
knitting/yt-OiucyJzR8po_118.mp4,knitting,3,0
swinging/flickr-6-1-2-7-4-7-3-2-25961274732_16.mp4,swinging,4,0
smashing/giphy-zrdUjl6N99nLq_0.mp4,smashing,3,0
fishing/getty-deep-sea-fishing-man-hauls-large-fish-into-boat-man-reeling-quickly-video-id98020016_2.mp4,fishing,5,3
smelling/getty-courious-piglet-in-the-barn-video-id181844121_1.mp4,smelling,3,0
opening/getty-dumpling-video-id462475702_1.mp4,opening,3,1
building/yt-Ac01F9sjfso_256.mp4,building,3,0
hiking/getty-senior-couple-hiking-uphill-in-woods-video-id1076-101_16.mp4,hiking,3,1
hugging/yt-g3XukOcKsm8_8.mp4,hugging,4,0
playing+sports/lyak0OJ0KgA_200.mp4,playing+sports,5,0
cheerleading/yt-D1kgKtm23_8_51.mp4,cheerleading,5,0
surfing/vine-h20EAB3EF3Q_2.mp4,surfing,3,0
cooking/yt-Gc_4CMOEAgY_39.mp4,cooking,3,0
walking/kkpZuhhelWg_251.mp4,walking,3,1
piloting/getty-twelve-f35b-lightning-iis-embarked-on-uss-america-november-19-2016-video-id626609798_65.mp4,piloting,4,0
racing/flickr-5-4-4-1-0-2-6-1-4454410261_25.mp4,racing,3,1
painting/flickr-4-0-6-5-9-1-4-9-8840659149_35.mp4,painting,3,0
balancing/yt-c1OOUuj3WTo_386.mp4,balancing,3,1
working/E6QzPBSK3Cg_15.mp4,working,3,1
adult+female+singing/yt-TBzJiBwBJOU_320.mp4,adult+female+singing,3,0
constructing/getty-construction-building-with-working-elevator-video-id457326730_2.mp4,constructing,3,1
standing/yt-gPzCfPFI8G8_163.mp4,standing,3,0
kneeling/getty-gay-fathers-helping-baby-son-with-first-steps-video-id673253292_7.mp4,kneeling,3,0
lecturing/getty-young-student-giving-presentation-on-renewable-energy-to-class-in-video-id138548500_20.mp4,lecturing,3,0
juggling/getty-slow-motion-medium-shot-young-man-juggling-oranges-in-central-park-video-id833-41_1.mp4,juggling,3,0
spraying/yt-W75tYdT5DC8_422.mp4,spraying,3,0
surfing/getty-large-crowd-of-surfers-competing-for-waves-at-afternoon-haleiwa-video-id143431592_6.mp4,surfing,3,0
shoveling/yt-6Hv0ceItb0U_113.mp4,shoveling,4,0
brushing/getty-store-employee-applies-skin-foundation-to-a-customer-at-a-store-of-video-id851856244_41.mp4,brushing,3,0
trimming/getty-man-using-mandoline-to-slice-potatoes-during-cooking-class-with-video-id644131742_3.mp4,trimming,5,0
frowning/getty-zoom-in-tilt-up-businessman-removing-mail-from-clear-mail-box-looking-video-id576-95_2.mp4,frowning,5,0
interviewing/yt-aMU6fRtC27E_450.mp4,interviewing,5,1
handcuffing/yt-egcElDIakHI_25.mp4,handcuffing,5,0
sowing/yt-feUSc1CHp3g_79.mp4,sowing,6,0
baking/flickr-4-3-2-5-8-3-4-0-4043258340_1.mp4,baking,3,0
pulling/getty-shot-of-man-skiing-down-slope-base-jumping-somersaulting-descending-video-id578247283_134.mp4,pulling,3,1
splashing/yt-jNkNKk7djns_5.mp4,splashing,3,1
drilling/getty-oil-pump-oil-industry-equipment-video-id492266222_25.mp4,drilling,3,1
filling/yt-umRYPjeXc3s_31.mp4,filling,3,0
spreading/getty-masons-spreading-cement-and-positioning-tile-into-place-north-usa-video-id99817599_8.mp4,spreading,4,0
removing/yt-JeFzFFAON0A_501.mp4,removing,3,1
plunging/getty-blue-whale-surfaces-spouts-and-defecates-in-pacific-ocean-melinka-video-id538809327_11.mp4,plunging,3,1
destroying/yt-5G2whDHvOKc_3.mp4,destroying,3,2
fencing/getty-hungarian-security-forces-put-wire-fences-on-the-hungary-serbia-line-video-id485354736_165.mp4,fencing,3,1
flooding/yt-oxYSEvZsDAA_37.mp4,flooding,3,0
skiing/giphy-EGwYZdbZBSbaE_0.mp4,skiing,3,0
rubbing/yt-bmlAZ217IeQ_395.mp4,rubbing,4,1
winking/giphy-72aOr3y2HjlfO_0.mp4,winking,5,0
punching/getty-boxer-pad-work-session-with-trainer-video-id613269458_13.mp4,punching,3,0
spraying/getty-agriculture-gmo-background-video-id700256644_5.mp4,spraying,3,0
standing/yt-W6bRDh_G4zE_101.mp4,standing,3,0
adult+female+speaking/yt-nUdVplXjB6Q_26.mp4,adult+female+speaking,3,0
swimming/giphy-2pvweGe1lNNkY_1.mp4,swimming,3,1
boxing/yt-BXcHcWg46jg_147.mp4,boxing,3,1
drawing/yt-634vx1ZasOk_458.mp4,drawing,5,0
climbing/yt-l4tW3madlkQ_175.mp4,climbing,3,1
singing/yt-yA6AeuKIqDE_552.mp4,singing,3,1
child+speaking/yt-VThWntpL4yQ_15.mp4,child+speaking,4,0
bicycling/yt-eE9zWBuz9j4_34.mp4,bicycling,3,1
picking/getty-man-choosing-cloths-video-id656721274_14.mp4,picking,3,1
drying/getty-freeze-dried-konjac-cake-production-close-up-shot-of-square-konjac-video-id567971227_4.mp4,drying,3,1
placing/getty-hdgolf-putt-video-id467793976_5.mp4,placing,3,0
cracking/yt-LvBZmwvOJIY_134.mp4,cracking,3,1
landing/flickr-5-2-3-8-9-4-4-4-4952389444_7.mp4,landing,3,0
running/yt-0AH8MXJt5Xk_13.mp4,running,3,1
shouting/vine-MgDi7lnFPU2_3.mp4,shouting,3,1
sliding/getty-offering-diced-carrots-video-id626026614_14.mp4,sliding,4,0
combusting/getty-galaxy-a-animated-scifi-or-scientific-background-video-hd-video-id91729153_12.mp4,combusting,3,0
scratching/Uq3IxJcnmOo_642.mp4,scratching,3,1
constructing/giphy-13fLcPrOTdOpOw_0.mp4,constructing,3,1
brushing/flickr-5-2-6-3-0-2-0-5-3652630205_6.mp4,brushing,3,0
storming/giphy-fJ26pLM43hnck_1.mp4,storming,3,1
flowing/getty-maple-leaves-in-autumn-colors-ibaraki-japan-video-id837927588_15.mp4,flowing,3,1
dining/getty-businesswoman-and-businessman-talking-to-client-in-restaurant-london-video-id1335-1_8.mp4,dining,4,0
attacking/giphy-QnstqbinhHMXu_1.mp4,attacking,3,1
fencing/getty-young-woman-sitting-on-footbridge-video-id636039174_13.mp4,fencing,3,0
putting/yt-V1g_3O43NyA_90.mp4,putting,4,2
grilling/getty-cooking-meat-on-barbecue-grill-video-id472724552_2.mp4,grilling,4,0
crouching/getty-mother-with-daughter-near-greenhouse-video-id173405332_4.mp4,crouching,3,0
sliding/yt-0rC1O5rcZ7M_490.mp4,sliding,3,0
mowing/getty-mowing-grass-video-id491608111_5.mp4,mowing,3,0
kissing/getty-couple-kissing-and-smiling-jacksonville-florida-usa-video-id88501267_2.mp4,kissing,3,1
exercising/getty-focused-young-woman-in-exercise-class-with-arms-outstretched-video-id627097306_2.mp4,exercising,3,1
rising/getty-male-hiker-reaches-pinnacle-summit-above-valley-video-id837372554_2.mp4,rising,4,0
dragging/yt-wWj8GFxbUIs_3.mp4,dragging,3,1
sewing/getty-small-business-making-purse-video-id462480682_1.mp4,sewing,3,0
raising/getty-school-kids-jumping-with-joy-and-raising-their-hands-handheld-video-id512912722_10.mp4,raising,3,1
repairing/yt-58F4cMRhSw8_69.mp4,repairing,3,1
skiing/yt-jK5cARmXlS4_27.mp4,skiing,3,0
dusting/vine-MXgBE39MWLL_3.mp4,dusting,4,2
extinguishing/giphy-8TEGEvCihAV1K_8.mp4,extinguishing,4,0
entering/getty-contingent-of-foot-guards-escort-gun-carriage-bearing-coffin-of-queen-video-id531589458_28.mp4,entering,3,1
welding/getty-shielded-arc-metal-welders-shipyard-saigon-vietnam-video-id525381852_2.mp4,welding,3,0
officiating/getty-title-card-yanks-win-series-title-1937-world-champions-superimposed-video-id540822726_28.mp4,officiating,5,0
hitchhiking/vb-a-girl-with-her-hand-raised-hitchhiking-thumb-up--a-highway-with-unfocesed-cars-passing-signs-and-lamp-posts-on-the-background-scfauzfgxiv2s94se_4.mp4,hitchhiking,3,0
raining/flickr-4-1-9-4-6-5-3-1-4041946531_26.mp4,raining,4,0
constructing/giphy-NMa1Qh1tU9O3C_2.mp4,constructing,4,0
pedaling/yt-rFg1cXPty28_10.mp4,pedaling,3,1
drying/getty-inspector-inspect-racks-of-drying-tobacco-leaves-video-id130418483_6.mp4,drying,3,1
digging/yt-g4sCJa5ohj0_542.mp4,digging,3,1
filling/getty_R-pure-water-video-id472815051_8.mp4,filling,3,0
cramming/getty-kid-drawing-zoom-out-video-id610322966_3.mp4,cramming,5,3
picking/vine-MB20i6M6wML_1.mp4,picking,3,1
scrubbing/getty-convict-cleaning-floor-of-prison-cell-with-toothbrush-in-correctional-video-id683887970_21.mp4,scrubbing,3,0
adult+female+speaking/yt-YSHnnPunShg_21.mp4,adult+female+speaking,3,0
starting/yt-HchyLDE9WHA_67.mp4,starting,3,1
destroying/yt-spfAqr5oEQU_20.mp4,destroying,3,0
dipping/yt-nDzR_WfcR2c_79.mp4,dipping,3,1
packing/yt-z3Zp3pAYyk0_372.mp4,packing,3,1
snowing/flickr-9-8-9-0-9-0-8-9-6698909089_46.mp4,snowing,5,0
telephoning/getty-telecommunications-mergers-cms-boy-pull-out-cbv-another-both-using-video-id803583376_39.mp4,telephoning,3,1
marching/flickr-2-3-7-7-2-9-0-5-5923772905_32.mp4,marching,3,1
marching/yt-gQ0XU2nIBM8_34.mp4,marching,4,0
starting/yt-a9Ycibu9cwY_99.mp4,starting,3,1
mowing/yt-VjWa7EknzXY_42.mp4,mowing,3,0
stroking/getty-large-dogfish-resting-on-reef-hand-strokes-it-video-idsdd20975005jmy_10.mp4,stroking,3,1
painting/yt-5oZhoCxAmCA_147.mp4,painting,3,0
frowning/yt-IqmAqjP0V-c_35.mp4,frowning,6,1
gripping/yt-aX53FE109Q8_53.mp4,gripping,3,1
sweeping/yt-HWMeZOpfg8M_8.mp4,sweeping,4,0
clearing/getty-top-shot-of-a-babys-hands-being-wiped-clean-by-someone-video-id545014242_11.mp4,clearing,4,2
aiming/yt-Xe4yUdV9zEI_152.mp4,aiming,3,1
bowling/yt-6lyAkZI9ggs_4557.mp4,bowling,3,0
erupting/giphy-s9Cnnk3ZoBPrO_7.mp4,erupting,4,0
laughing/yt-qRh0ZIjWRi0_235.mp4,laughing,3,0
entering/getty-an-association-for-disabled-people-teaches-them-to-dive-in-venezuela-video-id523114586_81.mp4,entering,3,0
swimming/flickr-0-5-8-3-6-9-4-1-3105836941_1.mp4,swimming,3,1
reading/yt-MNgDUnI1XOE_95.mp4,reading,3,1
tattooing/yt-UHczprnZOas_3.mp4,tattooing,4,2
shopping/getty-friends-look-through-clothing-rack-together-video-id452004459_11.mp4,shopping,3,0
talking/flickr-6-6-6-3-3-6-2-9-3366633629_3.mp4,talking,4,0
flying/yt-8BJ9YBpQhq4_101.mp4,flying,4,0
running/flickr-5-0-9-1-1-2-9-6-25450911296_17.mp4,running,4,0
stretching/getty-man-training-video-id487010696_4.mp4,stretching,3,0
raising/yt-LLkd8ENIIXI_24.mp4,raising,4,0
racing/flickr-1-1-6-0-2-6-3-0-2711602630_7.mp4,racing,6,0
rafting/yt-BXCUb7TYvnM_124.mp4,rafting,4,0
rubbing/giphy-TWeGpfRs0XAkM_1.mp4,rubbing,3,0
boating/flickr-0-8-5-1-5-9-8-6-26308515986_20.mp4,boating,3,1
reading/getty-close-up-of-girls-reading-magazine-at-poolside-cedar-hills-utah-video-id455274553_4.mp4,reading,3,1
surfing/getty-man-surfing-pacific-ocean-waves-oahu-hawaii-video-id1364-41_2.mp4,surfing,3,0
cheerleading/yt-2c-Fr9Rqzdk_561.mp4,cheerleading,4,0
spreading/getty-men-unrolling-carpet-berlin-germany-video-id114577748_5.mp4,spreading,4,1
hunting/yt-J2hhiOvy4ec_433.mp4,hunting,3,1
aiming/getty-sexy-woman-holding-gun-video-id531909066_4.mp4,aiming,4,0
dancing/21z_3USEumE_5.mp4,dancing,3,1
cleaning/getty-1930s-high-angle-woman-scrubbing-clothes-on-wooden-plank-over-water-video-id560-192_2.mp4,cleaning,3,1
cooking/yt-vRNHsd8MUyQ_4.mp4,cooking,4,2
snowing/giphy-o3NGFg6JOMYPS_0.mp4,snowing,4,0
brushing/getty-healthy-woman-in-bathroom-brushing-teeth-wearing-bathrobe-video-id511718242_22.mp4,brushing,3,0
surfing/flickr-5-7-3-4-2-5-5-6-5457342556_39.mp4,surfing,3,1
instructing/getty-medium-panning-shot-of-instructor-leading-exercise-class-orem-utah-video-id843860510_4.mp4,instructing,4,0
rowing/yt-IUhKzLsOvMs_141.mp4,rowing,4,0
licking/getty-shot-of-hyena-pups-nuzzling-and-licking-kruger-national-park-south-video-id551930049_3.mp4,licking,3,0
steering/yt-Go62rQmeeVA_150.mp4,steering,3,2
shouting/vine-THIS-IS-ME-SHOUTING-AT-THE-SECURITY-GUY-BECAUSE-HE-WAS-IN-MY-WAY-I-LOVE-MYSELF-MYM10JQIvIe_1.mp4,shouting,4,1
frowning/vine-MwQajM3YxdP_3.mp4,frowning,3,1
opening/yt_R-3UiB_5en3gg_145.mp4,opening,3,1
plunging/getty-cutthroat-trout-swims-up-rapids-video-id685739361_16.mp4,plunging,3,1
playing+music/getty-wide-high-angle-panning-shot-of-high-school-orchestra-performing-on-video-id640699047_1.mp4,playing+music,3,1
smoking/giphy-3xdUizPxneBhK_1.mp4,smoking,3,1
loading/getty-front-loader-carries-a-load-of-dirt-and-dumps-it-into-a-truck-during-video-id519553735_1.mp4,loading,4,0
destroying/giphy-PdHRJIXd8yAg_0.mp4,destroying,3,1
bending/getty-close-up-photographer-adjusting-camera-bending-down-and-taking-video-id816-52_2.mp4,bending,3,0
typing/getty-close-up-of-middle-eastern-female-executives-hands-typing-on-computer-video-id475782216_5.mp4,typing,3,1
bouncing/yt-mXfcQomKMBY_6.mp4,bouncing,3,1
scratching/flickr-8-3-3-5-5-8-5-6-20383355856_19.mp4,scratching,3,0
destroying/yt-IXtt3aT5diY_159.mp4,destroying,3,1
discussing/vine-Me-when-hoes-discussing-other-hoes-business-MpWeiupTpI6_3.mp4,discussing,3,1
cleaning/yt-ETP6PUiYl7w_125.mp4,cleaning,4,0
removing/getty-interior-shots-woman-having-cosmetic-surgery-on-her-lips-lip-filling-video-id612526274_52.mp4,removing,3,1
slicing/yt-gWbmCHWsLN4_246.mp4,slicing,3,1
carving/yt-VP0OkbQc31g_152.mp4,carving,3,1
biting/getty-interracial-couple-eating-chips-and-dip-video-id562627667_14.mp4,biting,5,1
stretching/getty-asian-womans-typing-laptop-and-and-then-stretch-front-view-video-id513607444_9.mp4,stretching,3,1
sneezing/vine-My-mom-is-having-a-sneezing-fit-and-Im-just-heres-like-hYK9wTgh9Xl_1.mp4,sneezing,4,0
boiling/yt-nK9OaduH8MQ_2.mp4,boiling,3,0
smoking/yt-sEcs_Xle6CU_27.mp4,smoking,3,0
waving/getty-union-and-eu-flags-in-sandcastle-video-id805259892_14.mp4,waving,3,1
balancing/getty-japanese-man-skateboarding-on-sideway-by-the-ocean-video-id578348202_5.mp4,balancing,3,0
wetting/KfqdB93utIg_5.mp4,wetting,3,0
skiing/getty-freestyle-skier-performing-a-trick-at-sunset-video-id467266707_11.mp4,skiing,3,1
catching/yt-NLNlPwF2gCs_667.mp4,catching,3,1
trimming/yt-Dd-2dAPRF68_92.mp4,trimming,3,2
kneeling/yt-imm56tY0zz8_238.mp4,kneeling,3,0
bouncing/getty-high-angle-potatoes-on-harvester-conveyor-belt-shaking-off-dirt-video-id146017982_6.mp4,bouncing,3,1
painting/getty-can-spray-painting-art-on-the-street-of-las-vegas-video-id637025400_15.mp4,painting,3,0
cheering/yt-8vn_gJjXXn4_117.mp4,cheering,3,1
mowing/getty-man-mowing-the-grass-video-id499676360_11.mp4,mowing,4,0
officiating/yt-oO1-XswCKIk_171.mp4,officiating,3,1
draining/yt-LFW0ys96bb4_8.mp4,draining,3,0
flooding/getty-flooded-streets-in-houston-texas-caused-by-hurricane-harvey-video-id841284132_2.mp4,flooding,4,0
surfing/getty-surfing-video-id460684648_12.mp4,surfing,3,0
burning/getty-candle-light-at-night-video-id640962432_15.mp4,burning,3,1
throwing/yt-DxuHxTJGnpM_13.mp4,throwing,3,0
boating/yt-C1IyMMrWKfQ_70.mp4,boating,4,0
loading/yt-BVqQxbmTmH4_27.mp4,loading,3,1
adult+male+singing/yt-GDISRVr5kYI_510.mp4,adult+male+singing,3,1
covering/getty-view-of-police-car-and-reveal-words-nyd-obscured-by-snow-new-york-new-video-id127469707_8.mp4,covering,3,1
pointing/getty-group-of-young-architects-working-on-a-new-project-video-id534370394_12.mp4,pointing,4,0
taping/getty-two-videos-of-taking-a-picture-in-real-slow-motion-video-id587160436_24.mp4,taping,4,2
emptying/getty-swimming-pool-water-stream-video-id641923026_10.mp4,emptying,3,1
exiting/getty-interior-shot-camilla-duchess-of-cornwall-leaving-departing-the-royal-video-id641972560_16.mp4,exiting,4,0
aiming/getty-target-practice-video-id502600499_1.mp4,aiming,4,0
stomping/meta-10959475_169.mp4,stomping,5,2
climbing/yt-HURxOC6sgOQ_61.mp4,climbing,3,1
selling/getty-shoppers-browse-past-produce-vendors-in-street-stalls-video-id518687961_1.mp4,selling,3,1
raising/2tf00dt5oGQ_5.mp4,raising,3,1
poking/giphy-9hWhwbu3zskIo_0.mp4,poking,4,0
playing/flickr-4-6-7-1-3-2-7-7-3046713277_43.mp4,playing,4,0
leaking/giphy-NyGEO5IPhFGqA_0.mp4,leaking,3,1
fishing/flickr-2-6-0-7-7-7-2-1-19426077721_175.mp4,fishing,3,1
hitting/getty-protestors-clashing-with-riot-cops-at-a-demonstration-video-id715255899_37.mp4,hitting,4,0
adult+female+speaking/QZmrxTzCFNI_545.mp4,adult+female+speaking,3,1
cracking/giphy-uFeNK0N3daSbu_1.mp4,cracking,3,1
racing/getty-driver-ronnie-sox-standing-beside-sox-and-martin-plymouth-barricuda-video-id128191185_69.mp4,racing,3,0
skiing/getty-young-man-skier-performing-grind-tricks-in-terrain-park-video-id475766100_2.mp4,skiing,4,0
applauding/getty-large-crowd-gathered-around-house-in-residential-neighborhood-sings-video-id502793997_11.mp4,applauding,3,0
wetting/getty-little-girl-ducking-underwater-video-id460503852_5.mp4,wetting,3,1
combing/vb-dog-grooming-combing-beard-of-yorkshire-terrier-s0ijomrtgj1hn5m76_2.mp4,combing,3,1
punting/yt-L7yaz__z3EU_20.mp4,punting,3,1
resting/getty-large-bull-southern-elephant-seal-mirounga-leonina-at-gold-harbour-video-id667671843_4.mp4,resting,3,0
knitting/yt-izVWM2QA75Q_593.mp4,knitting,3,0
cheering/yt-31SmSPceTWA_934.mp4,cheering,3,1
painting/yt-tij8Vnm4IDI_153.mp4,painting,3,1
spilling/yt-fQyMH8YTdHs_22.mp4,spilling,3,0
unloading/zkusjHjpZC4_4.mp4,unloading,3,1
racing/yt-I_DCvCKAetY_4.mp4,racing,3,0
bouncing/giphy-3o6ZtdXxuQ1WKPING0_0.mp4,bouncing,4,0
boarding/vine-This-wake-boarding-video-tho-MDJJaz71jVX_1.mp4,boarding,3,0
spreading/getty-potter-spreads-a-thin-layer-of-clay-across-a-potters-wheel-in-siena-video-id1B012037_030_3.mp4,spreading,3,0
saluting/getty-exterior-shots-north-korean-soldiers-standing-on-military-tanks-to-video-id493733474_29.mp4,saluting,3,1
rising/yt-IK7kOW3a3F8_139.mp4,rising,4,2
throwing/yt-gWz6a3gzDCE_30.mp4,throwing,3,1
racing/yt-BNO9tEOhK0c_199.mp4,racing,3,0
licking/yt-Ddm3GHsvzGA_132.mp4,licking,4,1
slapping/yt-kp7YFJQJkXA_24.mp4,slapping,3,0
filming/flickr-1-6-8-8-1-5-0-4-5116881504_12.mp4,filming,4,1
sitting/flickr-5-3-9-9-3-3-4-1-6953993341_4.mp4,sitting,3,0
parading/getty-1920s-bw-montage-samoan-wedding-ceremony-begins-with-dancing-and-a-video-id126325368_24.mp4,parading,3,1
tearing/GLi6H-4esJ8_525.mp4,tearing,3,1
flipping/getty-graduating-class-video-id654424894_3.mp4,flipping,3,1
sprinting/getty-childrens-sports-day-video-id466771024_2.mp4,sprinting,3,1
shoveling/yt-o3RIiybBmzw_42.mp4,shoveling,3,1
baking/yt-xP5t4hVTuSw_22.mp4,baking,3,1
cooking/b4mwvPTSPxk_39.mp4,cooking,3,1
stealing/giphy-yzFCmPOX4pva0_0.mp4,stealing,3,0
slipping/giphy-RWr2ts87E7GF2_0.mp4,slipping,3,1
descending/getty-aerial-shot-tone-prew-waterfall-in-satun-south-thailand-video-id620312548_2.mp4,descending,4,0
asking/yt-BAr9KZrKNzA_520.mp4,asking,4,1
chasing/getty-police-car-chasing-vehicle-on-city-street-los-angeles-california-usa-video-id83561970_2.mp4,chasing,4,0
raising/getty-cinematic-side-profile-of-attractive-female-athlete-video-id490329116_6.mp4,raising,3,1
bouncing/getty-large-hail-stone-falls-on-garbage-cans-bouncing-smaller-hail-stone-video-id1B02573_0007_1.mp4,bouncing,3,0
closing/getty-mrs-norton-using-public-pay-phone-booth-hanging-up-receiver-gathering-video-id512313681_11.mp4,closing,3,1
giggling/getty-parents-cuddling-children-on-sofa-video-idredbp00023-028_2.mp4,giggling,3,0
speaking/getty-donald-trump-end-of-speech-at-value-voters-the-annual-conference-put-video-id603993668_72.mp4,speaking,3,0
punting/yt-iO1e7KGJhC4_74.mp4,punting,3,1
boiling/vb-boiling-pasta-top-angle-shot-saliodd_wj6m8w6sd_25.mp4,boiling,3,0
rinsing/getty-hand-water-drops-video-id471586216_4.mp4,rinsing,4,0
dunking/yt-GpL3I-Ru9O8_228.mp4,dunking,3,1
reading/getty-bedroom-young-woman-paris-video-id473063965_21.mp4,reading,5,0
studying/getty-archaeology-student-learning-video-id164190140_3.mp4,studying,3,0
squatting/yt-cLU9BL_Q2cA_426.mp4,squatting,4,0
tying/yt-VOfejcVJIJY_117.mp4,tying,4,2
coughing/giphy-anIhR5OjcEXNm_0.mp4,coughing,3,1
boarding/vine-Boarding-liao-h2divQUX7qg_1.mp4,boarding,3,1
dripping/getty-flowing-spring-water-video-id627458878_10.mp4,dripping,3,0
slicing/getty-dolly-shot-eating-chocolate-cheese-cake-with-serving-and-cutting-cake-video-id533680578_2.mp4,slicing,3,1
bowling/giphy-9ZvFhDkaAfyLe_2.mp4,bowling,3,0
speaking/5-6-1-9-7-6-2-3-15056197623_60.mp4,speaking,3,1
buying/vb-4k-friendly-worker-in-a-supermarket-assisting-young-woman-buying-groceries-hxjeeeecgizqw92y5_15.mp4,buying,4,0
punching/giphy-10qeaC2yRVRiF2_2.mp4,punching,4,0
wrestling/yt-c0i7gdwDKag_69.mp4,wrestling,3,0
diving/yt-_S3nFGMPBj4_220.mp4,diving,4,0
riding/flickr-8-3-5-2-4-0-1-6-4183524016_2.mp4,riding,3,0
knitting/yt-H8pklEmloWA_453.mp4,knitting,3,1
cooking/yt-hepu2bECBi0_62.mp4,cooking,4,2
diving/yt-mxmQ0p1KBQY_2.mp4,diving,3,1
adult+female+speaking/yt-dFBWqFotq_A_69.mp4,adult+female+speaking,3,1
kneeling/getty-mother-and-son-enjoying-in-the-room-video-id501588910_5.mp4,kneeling,4,0
washing/getty-tourist-visit-an-elephant-sanctuary-outside-of-chiang-mai-ecotourism-video-id846642150_5.mp4,washing,3,0
bicycling/yt-ooxRMdgG39w_13.mp4,bicycling,3,0
scrubbing/getty-elephant-having-ear-washed-goa-video-id1B05507_0006_2.mp4,scrubbing,5,1
applauding/yt-C9jCo3gLd0s_31.mp4,applauding,4,0
bulldozing/vb-garbage-bulldozer-surrounded-by-a-flock-of-seagulls-botpwsdiej0d1avcn_30.mp4,bulldozing,3,1
scratching/yt-v0X1HfFuclM_373.mp4,scratching,3,1
sawing/getty-man-using-chainsaw-to-cut-tree-video-id818045266_2.mp4,sawing,3,1
cooking/tjMUlmTpYvE_106.mp4,cooking,4,1
wetting/meta-2840544_23.mp4,wetting,4,2
bending/getty-an-elementaryschool-teacher-bends-over-a-students-desk-to-lend-help-video-id595187927_11.mp4,bending,3,1
steering/getty-driving-on-remote-highway-in-the-us-video-id636845854_4.mp4,steering,3,1
arresting/yt-aAnPgrjzPtY_16.mp4,arresting,3,1
scrubbing/getty-boy-sitting-on-sink-scrubbing-face-with-lemon-educational-video-id2007-228_1.mp4,scrubbing,4,2
dancing/yt-ox1iUDO36NY_19.mp4,dancing,3,1
rolling/getty-timelapse-sunrise-over-rural-farms-rolling-hills-and-cornfields-video-id504809930_4.mp4,rolling,4,2
rubbing/yt-lmx-b33ogwQ_372.mp4,rubbing,4,0
licking/getty-tiger-licks-its-claws-and-paw-as-it-lies-in-the-forest-video-id3B2FBBE9_0013_17.mp4,licking,4,0
competing/getty-professional-football-players-cross-frame-as-referee-signals-video-id607454214_7.mp4,competing,3,1
throwing/yt-EaA3VSUEbIA_23.mp4,throwing,3,0
hunting/getty-blackbacked-jackals-eating-a-springbok-video-id665173651_23.mp4,hunting,3,1
stopping/yt-AdMeNl4QEyw_645.mp4,stopping,3,1
walking/ochFV9Ym6dc_85.mp4,walking,3,0
hugging/getty-father-and-son-bonding-video-id636190554_2.mp4,hugging,3,0
kissing/yt-Dxs102v0PjQ_19.mp4,kissing,3,0
cheering/9A2G9nPWTZE_153.mp4,cheering,4,2
asking/yt-ZG_Aj9F37g8_372.mp4,asking,4,0
adult+male+speaking/yt-f01URP4x7ac_391.mp4,adult+male+speaking,3,0
chewing/getty-crab-spider-feeds-on-honey-bee-on-daisy-queensland-video-id1B09149_t007_11.mp4,chewing,3,1
asking/getty-simpsons-civil-trial-deposition-1006-am-12296-questions-about-ojs-video-id493949308_45.mp4,asking,4,1
juggling/vine-hlePmUAaTE3_2.mp4,juggling,3,0
juggling/yt-2a44jkwlVpQ_12.mp4,juggling,4,2
raining/yt-Ulqcqp1U32s_165.mp4,raining,3,0
bicycling/yt--Eg_xREfZDc_160.mp4,bicycling,3,0
raining/yt-goU6QpLejtI_15.mp4,raining,4,2
whistling/vine-Mkuney-is-always-whistling-MdIjYhDAYmn_3.mp4,whistling,4,0
bicycling/yt-ho_j9s6woGA_101.mp4,bicycling,3,0
kicking/yt-je3VmkUNXrs_8.mp4,kicking,3,1
sewing/getty-dhaka-22-june-2016-worker-sews-islamic-caps-in-the-alhedaya-cap-in-video-id542641402_10.mp4,sewing,3,1
skating/yt-edkpqNkK43k_167.mp4,skating,3,1
repairing/getty-boy-fixing-model-airplane-with-father-and-grandfather-in-park-video-id625845762_3.mp4,repairing,3,1
exercising/getty-dolly-shot-woman-man-black-man-riding-exercise-bikes-in-health-club-video-id554-78_3.mp4,exercising,3,0
inflating/yt-JTFuuxpKy_k_83.mp4,inflating,3,1
putting/8cReS_xaTqs_132.mp4,putting,3,1
packing/getty-woman-packing-for-a-trip-video-id530151004_1.mp4,packing,3,0
skipping/getty-floyd-mayweather-at-open-training-session-ahead-of-fight-against-juan-video-id828305394_77.mp4,skipping,3,0
crafting/yt-_fwUtuYUrwM_116.mp4,crafting,3,1
cooking/yt-gl1sO0X_mM8_312.mp4,cooking,4,2
tying/getty-ballet-slippers-video-id697305156_5.mp4,tying,3,1
tuning/vine-bVHr9zOd12Q_1.mp4,tuning,3,1
crafting/getty-mechanic-examining-electric-motor-with-voltmeter-in-a-workshop-video-id635770374_7.mp4,crafting,4,2
steering/yt-E5wfiADx6Yg_92.mp4,steering,3,1
trimming/getty-slicing-bread-video-id473122385_21.mp4,trimming,5,0
skiing/flickr-4-5-8-0-4-8-4-5-3345804845_6.mp4,skiing,3,0
cooking/giphy-26n6KUGihpHrMN4LS_3.mp4,cooking,3,0
digging/yt-WAef-tkwWJM_400.mp4,digging,4,2
buying/vb-pan-shot-of-customer-buying-food-inside-walmart-store-btygs3jueiynd4ztt_8.mp4,buying,3,1
gripping/getty-street-scene-in-downtown-rangoon-with-pedestrians-bicyclists-buses-video-id502271988_10.mp4,gripping,4,1
bowling/getty-cricket-stumps-wickets-being-bowled-out-with-ball-video-id106657558_1.mp4,bowling,3,0
dusting/getty-wood-panel-hand-sanding-video-id529330861_7.mp4,dusting,3,1
queuing/getty-automobile-congestion-in-heavy-rush-hour-video-id464496578_5.mp4,queuing,3,1
knitting/yt-D4V4DSJ9hUE_18.mp4,knitting,5,0
bending/vine-Rebar-Bending-ironworker-MOHhM9Y1Z0K_1.mp4,bending,4,2
sawing/getty-cutting-wood-with-circular-saw-machine-video-id695979782_5.mp4,sawing,3,1
flipping/vine-Day-170-FlipADay2014-gymnastics-flipping-tumbling-crazyflips-trampoline-funny-justkidding-MTih00rbw0j_3.mp4,flipping,3,1
bubbling/getty-coral-maze-with-divers-approaching-video-idsdd89505024vm_4.mp4,bubbling,4,0
reading/getty-beautifu-girl-studying-in-a-bright-bedroom-with-notes-and-laptop-video-id640781724_4.mp4,reading,3,0
repairing/getty-4kreplace-harddrive-with-scewing-video-id503293380_2.mp4,repairing,3,1
stealing/5-5-9-4-3-5-0-4-3055943504_3.mp4,stealing,4,0
adult+female+singing/yt-Rgf88G_55zQ_67.mp4,adult+female+singing,4,2
drinking/vine-Mj190qvW0tj_1.mp4,drinking,4,0
sowing/yt-OW-ORJFOxso_323.mp4,sowing,3,0
boiling/vb-boiling-water-bubbles-pasta-falls-in-boiling-water-beautiful-steel-background-the-rising-bubbles-of-water-slow-motion-closeup-huaq3me3gj0ph7q7d_5.mp4,boiling,3,0
ascending/getty-group-of-hikers-ascend-steep-mountain-slope-above-lake-video-id612367890_6.mp4,ascending,7,0
crushing/yt-jxDycguIWXI_108.mp4,crushing,4,0
chasing/getty-motorcycle-chase-scene-video-id129226443_1.mp4,chasing,3,1
racing/giphy-of3rFfISxnaw0_7.mp4,racing,3,1
whistling/vine-Whistling-with-Parrot-MV6MaJHwzJ7_2.mp4,whistling,3,1
fencing/giphy-Z7Mx4ZATPN076_3.mp4,fencing,3,1
knocking/a_DRnSKsi-8_289.mp4,knocking,4,0
climbing/yt-PGubuHFGZOo_28.mp4,climbing,3,0
crashing/giphy-10JyBK5GzdUYyA_0.mp4,crashing,4,0
wetting/giphy-jBsySGJaqqbRK_12.mp4,wetting,3,1
officiating/getty-title-card-sports-fists-across-the-sea-sammy-williams-fights-jacques-video-id584539558_11.mp4,officiating,3,1
applauding/getty-firefighter-modeling-on-catwalk-while-audience-applauds-london-uk-video-id1417-21_4.mp4,applauding,3,0
painting/giphy-5xtDarlPwuE6vWNFJoQ_4.mp4,painting,4,0
grinning/getty-contented-man-working-in-office-los-angeles-california-usa-video-id1405-92_14.mp4,grinning,4,0
shaking/giphy-clRf3YJQsYnsY_0.mp4,shaking,4,0
drawing/yt-9KXzTl3IrBw_166.mp4,drawing,4,0
adult+male+speaking/yt-s0nqsKIHdZg_556.mp4,adult+male+speaking,3,0
opening/yt_R-IOkOHV1occY_5.mp4,opening,3,0
chewing/giphy-jd317lv1cet0s_0.mp4,chewing,4,0
blocking/getty-thousands-of-refugees-are-stranded-at-the-greekmacedonian-border-in-video-id513276340_6.mp4,blocking,3,1
lifting/giphy-3ornjW82IPMLodKcrC_0.mp4,lifting,3,1
cuddling/getty-exterior-shots-barack-obama-greets-hugs-supporters-after-a-campaign-video-id155886599_4.mp4,cuddling,3,0
extinguishing/getty-firefighters-truck-video-id185474165_12.mp4,extinguishing,3,1
spraying/getty-central-park-reservoir-autumn-colors-fall-foliage-nyc-video-id611041942_2.mp4,spraying,3,0
signing/getty-busy-counter-couple-in-fg-picking-location-of-home-signing-papers-video-id512763105_7.mp4,signing,3,0
storming/yt-v9oZvockKV0_45.mp4,storming,3,1
signing/yt-lUjr0cMG-qM_86.mp4,signing,3,1
drumming/flickr-4-6-5-7-6-8-8-8-4946576888_51.mp4,drumming,3,0
shopping/flickr-4-4-3-3-1-4-1-0-24644331410_17.mp4,shopping,5,0
resting/flickr-5-8-6-7-7-3-7-7-6558677377_14.mp4,resting,5,0
rafting/yt-9U5XT3I79WY_64.mp4,rafting,3,1
cutting/flickr-4-8-2-1-4-4-1-1-2948214411_5.mp4,cutting,4,0
bouncing/meta-44666_22.mp4,bouncing,3,1
dripping/flickr-7-2-1-3-1-9-0-5-3272131905_8.mp4,dripping,4,0
pouring/getty-agricultural-sprinkler-video-id175804205_24.mp4,pouring,3,2
surfing/getty-ws_surfers-walking-into-the-water-with-boards-video-id622136644_5.mp4,surfing,4,0
shopping/flickr-3-4-1-6-6-3-4-9-2734166349_3.mp4,shopping,3,1
interviewing/getty-doctor-inputs-notes-in-digital-tablet-during-patient-meeting-video-id458871884_14.mp4,interviewing,3,1
discussing/getty-allen-iverson-says-you-dont-turn-down-an-opportunity-from-ice-cube-a-video-id638356374_85.mp4,discussing,5,0
cooking/yt-U8Of-ZxiBx0_761.mp4,cooking,3,1
driving/8-3-0-7-7-0-9-4-6783077094_25.mp4,driving,3,1
entering/getty-ferry-video-id501264420_4.mp4,entering,3,0
preaching/yt-50GeCGkxxxk_487.mp4,preaching,3,1
playing+sports/yt-LfOINmEY1Uk_7000.mp4,playing+sports,3,1
resting/getty-hunting-dog-resting-on-the-needles-video-id624892380_1.mp4,resting,3,0
rocking/yt-KGHXRhMQvXw_4.mp4,rocking,5,0
tattooing/getty-tattooing-video-id472769579_13.mp4,tattooing,3,1
discussing/yt-6PRMzw60q14_264.mp4,discussing,3,0
shaking/flickr-9-1-0-0-7-9-0-8-7391007908_2.mp4,shaking,4,0
pointing/getty-shot-of-reenactment-men-pointing-at-map-on-paper-video-id586651761_8.mp4,pointing,4,0
performing/yt-VUuffgdYL3U_106.mp4,performing,3,1
fishing/yt-yyWOyLegPCY_38.mp4,fishing,4,1
cramming/getty-businessman-hands-typing-on-keyboard-on-white-background-for-add-text-video-id585551558_3.mp4,cramming,3,2
feeding/flickr-9-0-5-8-9-9-4-0-3090589940_3.mp4,feeding,3,0
climbing/yt-RCtU-1gmfFU_493.mp4,climbing,3,0
shredding/yt-8PzGl4IW2-U_6.mp4,shredding,3,0
sniffing/Bjj8O8rhedU_15.mp4,sniffing,3,2
combusting/yt-5atYMXtskHU_64.mp4,combusting,3,1
performing/flickr-4-1-1-7-2-8-6-6-2441172866_3.mp4,performing,4,0
licking/giphy-pUJc7vHemepSo_1.mp4,licking,3,0
filling/getty-dentist-treats-teeth-woman-video-id625890922_24.mp4,filling,3,1
queuing/getty-roving-report-east-germany-now-weimar-long-line-of-housewives-queuing-video-id828040100_97.mp4,queuing,3,1
towing/getty-container-vessel-at-elbe-river-hamburg-germany-video-id679469768_14.mp4,towing,3,1
slapping/giphy-iNXuKUgoKap4k_1.mp4,slapping,3,1
speaking/getty-doctor-sitting-at-a-desk-speaks-to-a-patient-video-id660427685_8.mp4,speaking,3,0
signing/getty-general-gamal-abdel-nasser-sits-at-long-table-with-members-of-british-video-id502165844_5.mp4,signing,4,2
sowing/yt-je507PYaUMs_121.mp4,sowing,3,1
marching/flickr-5-4-2-9-2-0-6-6-23654292066_7.mp4,marching,4,0
skiing/flickr-8-7-3-8-2-4-6-5-8487382465_4.mp4,skiing,5,3
crying/giphy-TWS6W2VViHxvi_0.mp4,crying,4,0
packing/Bk_nYK4Zd1c_335.mp4,packing,4,2
folding/meta-417374_48.mp4,folding,3,1
combing/yt-Xd0xwfDxr1U_132.mp4,combing,3,1
slicing/yt-3BrGUUMGCzw_47.mp4,slicing,3,0
driving/yt-C3DbrYx-SN4_88.mp4,driving,3,0
repairing/yt-x7NWmdlvVIQ_317.mp4,repairing,4,0
crushing/yt-sGav0aPqQFY_369.mp4,crushing,3,1
picking/getty-customer-browses-rack-and-picks-out-shirt-at-modern-clothing-store-video-id646141805_2.mp4,picking,3,1
picking/getty-scientists-picking-and-smelling-basil-in-hydroponic-greenhouse-video-id584538300_2.mp4,picking,3,1
pushing/getty-business-man-and-woman-working-in-office-video-id512127844_2.mp4,pushing,5,0
squatting/getty-members-of-prerana-womens-group-practicing-measuring-and-marking-video-id89760425_7.mp4,squatting,3,1
injecting/yt-C6QvSv5wPL8_24.mp4,injecting,4,2
crouching/meta-80129_155.mp4,crouching,3,1
pressing/getty-frustrated-and-angry-man-with-his-smartphone-video-id616050480_10.mp4,pressing,4,1
drawing/yt-zXjxsuueDxU_203.mp4,drawing,3,0
jumping/yt-FjrouPt4mvk_3.mp4,jumping,3,0
pouring/1-2-8-8-1-3-1-3-9112881313_212.mp4,pouring,4,0
destroying/bing-www_imdb_com_video_imdb_vi3902865689__49.mp4,destroying,3,1
resting/getty-bison-laying-down-in-grassland-caprock-canyons-state-park-texas-video-id692423855_6.mp4,resting,4,2
child+singing/yt-NYawCrcOZSc_85.mp4,child+singing,3,0
pressing/getty-employees-use-sewing-machines-to-sew-together-shirts-and-fabrics-at-video-id482527496_11.mp4,pressing,4,2
welding/yt-TTbby-nuGVM_208.mp4,welding,3,0
pushing/yt-XvVDSWXCCX4_104.mp4,pushing,4,0
taping/yt-eG35Fwkmotg_88.mp4,taping,5,0
running/yt-aGLo2rB4D_4_22.mp4,running,5,1
emptying/getty_R-baker-filling-second-tin-video-id528708502_23.mp4,emptying,3,0
handwriting/yt-zLtt59Rc1zA_88.mp4,handwriting,3,0
walking/getty-models-walk-the-runway-at-tom-ford-new-york-fashion-week-spring-2018-video-id846860364_12.mp4,walking,3,0
gambling/giphy-l2SpMmNEkqtt1AwVy_9.mp4,gambling,3,0
stretching/yt-Bpc2H1pUojg_106.mp4,stretching,3,0
closing/getty-door-opens-and-closes-at-a-reebok-store-video-id1B012346_103_2.mp4,closing,3,1
falling/giphy-6HHVn662bDuo0_3.mp4,falling,3,1
pushing/2WXXNuhEGZw_67.mp4,pushing,3,1
kissing/getty-couple-in-bed-video-idrkt104-102_15.mp4,kissing,4,0
steering/vine-cars-racing-sweet-hHrTFhM0pIu_2.mp4,steering,3,2
arresting/giphy-dbU8EbrAVTKE0_3.mp4,arresting,3,0
swimming/getty-year-old-burglars-holiday-extengland-suffolk-bury-st-edmunds-tms-in-video-id804862552_2.mp4,swimming,3,0
aiming/getty-police-officer-busting-drug-dealer-in-bathroom-staten-island-new-york-video-id82949100_15.mp4,aiming,3,1
marching/getty-pageant-on-a-typical-german-traditional-fair-called-schuetzenfest-video-id845697322_4.mp4,marching,3,1
cleaning/yt-53V5vngOkAA_8.mp4,cleaning,3,0
feeding/eURrxhDqcU4_7.mp4,feeding,3,1
watering/giphy-WUPSg9yhFW11u_0.mp4,watering,3,1
juggling/giphy-QwXI71wJ0ffTa_0.mp4,juggling,4,0
kicking/yt-2gVW6QQ_xxg_57.mp4,kicking,4,0
clapping/flickr-0-2-7-3-9-7-1-9-3002739719_8.mp4,clapping,3,1
falling/yt-2UHS883_P60_18.mp4,falling,4,1
throwing/giphy-UrbfgDrWBXKV2_0.mp4,throwing,4,0
sniffing/giphy-zTwlfgLDdHbag_0.mp4,sniffing,3,1
blowing/getty-curtains-blowing-in-the-breeze-video-id101230147_9.mp4,blowing,4,0
destroying/giphy-12rIk0LMY0oges_1.mp4,destroying,3,0
welding/getty-workers-welding-a-metal-frame-in-workshop-video-id492175798_6.mp4,welding,3,1
spraying/getty-elephants-mud-bathe-in-waterhole-botswana-video-id489297859_16.mp4,spraying,4,2
flicking/yt-Q33Jtq3XU0A_6.mp4,flicking,3,0
rocking/giphy-HhemQb36yngsg_0.mp4,rocking,3,1
adult+female+speaking/meta-6757996_219.mp4,adult+female+speaking,3,0
drenching/getty-drops-of-rain-splash-into-a-deep-puddle-video-id694899003_7.mp4,drenching,3,1
swimming/yt-MRgc0VKfRdo_10.mp4,swimming,3,0
raising/giphy-EgFNwMcRoxmMM_0.mp4,raising,3,1
descending/8-6-1-5-0-2-5-4-3086150254_12.mp4,descending,3,1
pulling/getty-extreme-close-up-video-id556898661_3.mp4,pulling,4,2
pointing/yt-aRZTi36Bqv0_35.mp4,pointing,5,0
chasing/meta-1142861_22.mp4,chasing,3,1
bending/yt-PSth_PDLh9E_155.mp4,bending,3,1
frying/getty-barbequed-chicken-video-id472900685_15.mp4,frying,4,0
sprinting/7ygtHFskK0w_189.mp4,sprinting,4,2
steering/yt-eSTu50h63No_353.mp4,steering,3,0
injecting/yt-JoGYWfM7UG0_17.mp4,injecting,3,0
aiming/yt-2ooI5fF48O0_410.mp4,aiming,3,1
scrubbing/getty-exterior-shots-clean-up-operation-at-whitehall-with-workers-hosing-video-id107153501_29.mp4,scrubbing,3,1
flipping/yt-N0c-jVj-GPU_9.mp4,flipping,3,0
gambling/getty-gambling-video-idrkt069-061_2.mp4,gambling,3,1
talking/wc-UzxPtyaTencX_70.mp4,talking,3,0
interviewing/getty-donny-osmond-on-his-new-projects-and-england-being-his-second-home-video-id160108559_4.mp4,interviewing,4,0
crawling/giphy-aDcVO0dBabbsA_0.mp4,crawling,4,2
shooting/giphy-e0HvIY2bfcmVG_1.mp4,shooting,3,1
landing/getty-airplane-landing-video-id583666376_12.mp4,landing,3,1
queuing/getty-downtown-los-angeles-skyline-video-id623051620_1.mp4,queuing,4,2
drumming/giphy-12hGiNec92PvJS_3.mp4,drumming,3,1
emptying/getty_R-full-of-champagne-video-id536011599_6.mp4,emptying,3,1
jogging/yt-cgT-7E8yjDU_123.mp4,jogging,3,0
chasing/yt-n_KnlWH1OfA_15.mp4,chasing,3,1
removing/getty-unidentifiable-man-wearing-protective-suit-and-latex-gloves-opening-video-id564743107_8.mp4,removing,4,2
cracking/vine-hT2XBrODAWF_1.mp4,cracking,3,1
adult+male+speaking/yt-UkwhIPC0lOM_90.mp4,adult+male+speaking,3,0
hugging/getty-friends-greeting-and-hugging-at-pub-bar-video-id621209254_5.mp4,hugging,5,0
measuring/yt--PzLieLTSS0_55.mp4,measuring,3,1
drenching/getty-city-dwellers-walking-in-the-rain-on-august-01-2013-in-new-york-new-video-id175677383_23.mp4,drenching,4,2
handcuffing/yt-nOtVMK1UwF4_17.mp4,handcuffing,3,1
shaking/yt-vX601RL3AAg_17.mp4,shaking,3,1
crying/BI9iK5HIWEY_75.mp4,crying,3,1
pouring/getty-champagne-poured-in-glass-video-id578551082_31.mp4,pouring,3,0
playing+music/yt-jZ82zTp7hXg_35.mp4,playing+music,3,0
scratching/getty-guanaco-scratches-its-head-available-in-hd-video-id3B2FBBD1_0115_2.mp4,scratching,3,2
climbing/yt-0VlpteytyTk_44.mp4,climbing,3,0
lecturing/getty-jeremy-corbyn-criticising-theresa-may-for-her-reasons-for-calling-the-video-id696658050_32.mp4,lecturing,3,0
bulldozing/vb-bulldozer-flattening-household-trash-in-a-landfill-rnon7smqxiwcw77kr_26.mp4,bulldozing,3,0
balancing/getty-friends-doing-workout-in-gym-video-id544237830_1.mp4,balancing,4,0
grilling/yt-4Cwj_mTSyuw_13.mp4,grilling,4,0
protesting/getty-former-us-marshall-matthew-fogg-speaks-during-the-rally-outside-us-video-id454591680_13.mp4,protesting,3,1
exercising/yt-TFNffx6tqgk_89.mp4,exercising,4,0
peeling/_1JhV65zAbw_72.mp4,peeling,3,1
teaching/getty-black-man-caucasian-man-holding-globe-talking-to-classroom-of-black-video-id643-10_2.mp4,teaching,3,0
starting/vb-start-a-lady-cycling-in-the-park-b6pvgpdyirp10q7m_5.mp4,starting,3,1
hitchhiking/yt-n7E1G-GPni8_117.mp4,hitchhiking,4,0
hitting/flickr-9-2-9-2514739929_4.mp4,hitting,3,1
spraying/getty-falling-water-drops-on-brown-background-video-id614400138_4.mp4,spraying,3,1
crawling/flickr-2-1-1-3-4-5-6-0-3821134560_8.mp4,crawling,3,1
peeling/getty-woman-peeling-organic-carrots-during-cooking-class-with-friends-video-id644123084_5.mp4,peeling,3,0
snowing/yt-dv1oBXKv6Kc_39.mp4,snowing,4,0
crying/yt-HM6ZGx9WB48_5.mp4,crying,4,0
leaping/getty-super-slowmo-biker-jumping-high-in-the-air-video-id150486027_10.mp4,leaping,3,1
twisting/yt-gX0fAmeog00_1145.mp4,twisting,6,0
playing+videogames/giphy-2flRHDtJUYjF6_0.mp4,playing+videogames,3,1
diving/flickr-0-0-2-5-5-5-9-8-3900255598_22.mp4,diving,3,0
breaking/getty-hand-of-woman-breaking-a-chicken-egg-against-black-background-slow-video-id539315116_2.mp4,breaking,3,0
rinsing/getty-funny-couple-preparing-food-together-video-id651322112_11.mp4,rinsing,3,0
stomping/yt-wcNB4yXyBys_29.mp4,stomping,3,0
